<?xml version="1.0" encoding="UTF-8"?>
<!DOCTYPE coverity SYSTEM "coverity_config.dtd">
<coverity>
<!-- THIS FILE IS AUTOMATICALLY GENERATED - YOU MAY ADD XML ENTITIES -->
<!-- TO UPDATE THE COMPILER CONFIGURATION AFTER THE begin_command_line_config CLOSING TAG. -->
    <cit_version>1</cit_version>
    <config>
      <build>
        <compiler>
          <template_compiler>true</template_compiler>
          <comp_name>cov-filesystem-capture-web-app-config</comp_name>
          <comp_translator>web-app-config</comp_translator>
          <comp_lang>Non Compiled</comp_lang>
          <comp_generic>java</comp_generic>
        </compiler>
        <options>
          <id>web-app-config-cov-filesystem-capture-web-app-config-.*</id>
          <begin_command_line_config></begin_command_line_config>
        </options>
      </build>
    </config>
    <md5>139fb5ac712632fb7ffeacfe81331ea9</md5>
</coverity>

