<error>
<domain>STATIC_JAVA</domain>
<lang>Java</lang>
<checker>DIVIDE_BY_ZERO</checker>
<type>divide_by_zero</type>
<subtype>float_divisor_nan_or_inf</subtype>
<file>/home/j58song/465/pa/proj-skeleton/ABDT.java</file>
<function>ABDT.main(java.lang.String[])</function>
<score>100</score>
<ordered>true</ordered>
<event>
<tag>cond_true</tag>
<description>{CovLStrv2{{t{Condition {0}, taking true branch.}{{code{args.length &gt; 1}}}}}}</description>
<line>112</line>
<path_event></path_event>
</event>
<event>
<tag>cond_true</tag>
<description>{CovLStrv2{{t{Condition {0}, taking true branch.}{{code{args.length &gt; 2}}}}}}</description>
<line>114</line>
<path_event></path_event>
</event>
<event>
<tag>try_fallthrough</tag>
<description>{CovLStrv2{{t{Falling through to end of try statement.}}}}</description>
<line>123</line>
<path_event>
<jump>true</jump>
<suppressible>true</suppressible>
</path_event>
</event>
<event>
<tag>try_end</tag>
<description>{CovLStrv2{{t{End of try statement.}}}}</description>
<line>126</line>
<path_event>
<suppressible>true</suppressible>
</path_event>
</event>
<event>
<tag>cond_true</tag>
<description>{CovLStrv2{{t{Condition {0}, taking true branch.}{{code{i &lt; s.length}}}}}}</description>
<line>128</line>
<path_event></path_event>
</event>
<event>
<tag>cond_true</tag>
<description>{CovLStrv2{{t{Condition {0}, taking true branch.}{{code{i == 0}}}}}}</description>
<line>129</line>
<path_event></path_event>
</event>
<event>
<tag>cond_true</tag>
<description>{CovLStrv2{{t{Condition {0}, taking true branch.}{{code{!s[i].startsWith(&quot;Call&quot;)}}}}}}</description>
<line>129</line>
<path_event></path_event>
</event>
<event>
<tag>continue</tag>
<description>{CovLStrv2{{t{Continuing loop.}}}}</description>
<line>130</line>
<path_event>
<jump>true</jump>
<suppressible>true</suppressible>
</path_event>
</event>
<event>
<tag>loop</tag>
<description>{CovLStrv2{{t{Looping back.}}}}</description>
<line>136</line>
<path_event>
<suppressible>true</suppressible>
</path_event>
</event>
<event>
<tag>cond_false</tag>
<description>{CovLStrv2{{t{Condition {0}, taking false branch.}{{code{i &lt; s.length}}}}}}</description>
<line>128</line>
<path_event>
<jump>true</jump>
</path_event>
</event>
<event>
<tag>loop_end</tag>
<description>{CovLStrv2{{t{Reached end of loop.}}}}</description>
<line>136</line>
<path_event>
<suppressible>true</suppressible>
</path_event>
</event>
<event>
<tag>cond_true</tag>
<description>{CovLStrv2{{t{Condition {0}, taking true branch.}{{code{i &lt; f.size()}}}}}}</description>
<line>141</line>
<path_event></path_event>
</event>
<event>
<tag>loop</tag>
<description>{CovLStrv2{{t{Jumping back to the beginning of the loop.}}}}</description>
<line>143</line>
<path_event>
<jump>true</jump>
<suppressible>true</suppressible>
</path_event>
</event>
<event>
<tag>loop_begin</tag>
<description>{CovLStrv2{{t{Jumped back to beginning of loop.}}}}</description>
<line>141</line>
<path_event>
<suppressible>true</suppressible>
</path_event>
</event>
<event>
<tag>cond_false</tag>
<description>{CovLStrv2{{t{Condition {0}, taking false branch.}{{code{i &lt; f.size()}}}}}}</description>
<line>141</line>
<path_event>
<jump>true</jump>
</path_event>
</event>
<event>
<tag>loop_end</tag>
<description>{CovLStrv2{{t{Reached end of loop.}}}}</description>
<line>143</line>
<path_event>
<suppressible>true</suppressible>
</path_event>
</event>
<event>
<tag>cond_true</tag>
<description>{CovLStrv2{{t{Condition {0}, taking true branch.}{{code{i &lt; f.size()}}}}}}</description>
<line>146</line>
<path_event></path_event>
</event>
<event>
<tag>for_loop</tag>
<description>{CovLStrv2{{t{Iterating over another element of {0}.}{{code{fcalls.keySet()}}}}}}</description>
<line>148</line>
<path_event></path_event>
</event>
<event>
<tag>loop</tag>
<description>{CovLStrv2{{t{Jumping back to the beginning of the loop.}}}}</description>
<line>150</line>
<path_event>
<jump>true</jump>
<suppressible>true</suppressible>
</path_event>
</event>
<event>
<tag>loop_begin</tag>
<description>{CovLStrv2{{t{Jumped back to beginning of loop.}}}}</description>
<line>148</line>
<path_event>
<suppressible>true</suppressible>
</path_event>
</event>
<event>
<tag>for_end</tag>
<description>{CovLStrv2{{t{No elements left in {0}, leaving loop.}{{code{fcalls.keySet()}}}}}}</description>
<line>148</line>
<path_event>
<jump>true</jump>
</path_event>
</event>
<event>
<tag>loop_end</tag>
<description>{CovLStrv2{{t{Reached end of loop.}}}}</description>
<line>150</line>
<path_event>
<suppressible>true</suppressible>
</path_event>
</event>
<event>
<tag>loop</tag>
<description>{CovLStrv2{{t{Jumping back to the beginning of the loop.}}}}</description>
<line>151</line>
<path_event>
<jump>true</jump>
<suppressible>true</suppressible>
</path_event>
</event>
<event>
<tag>loop_begin</tag>
<description>{CovLStrv2{{t{Jumped back to beginning of loop.}}}}</description>
<line>146</line>
<path_event>
<suppressible>true</suppressible>
</path_event>
</event>
<event>
<tag>cond_false</tag>
<description>{CovLStrv2{{t{Condition {0}, taking false branch.}{{code{i &lt; f.size()}}}}}}</description>
<line>146</line>
<path_event>
<jump>true</jump>
</path_event>
</event>
<event>
<tag>loop_end</tag>
<description>{CovLStrv2{{t{Reached end of loop.}}}}</description>
<line>151</line>
<path_event>
<suppressible>true</suppressible>
</path_event>
</event>
<event>
<tag>cond_true</tag>
<description>{CovLStrv2{{t{Condition {0}, taking true branch.}{{code{i &lt; f.size()}}}}}}</description>
<line>153</line>
<path_event></path_event>
</event>
<event>
<tag>cond_true</tag>
<description>{CovLStrv2{{t{Condition {0}, taking true branch.}{{code{j &lt; f.size()}}}}}}</description>
<line>154</line>
<path_event></path_event>
</event>
<event>
<tag>cond_true</tag>
<description>{CovLStrv2{{t{Condition {0}, taking true branch.}{{code{f1.getName().hashCode() == f2.getName().hashCode()}}}}}}</description>
<line>157</line>
<path_event></path_event>
</event>
<event>
<tag>continue</tag>
<description>{CovLStrv2{{t{Continuing loop.}}}}</description>
<line>158</line>
<path_event>
<jump>true</jump>
<suppressible>true</suppressible>
</path_event>
</event>
<event>
<tag>loop</tag>
<description>{CovLStrv2{{t{Looping back.}}}}</description>
<line>185</line>
<path_event>
<suppressible>true</suppressible>
</path_event>
</event>
<event>
<tag>cond_true</tag>
<description>{CovLStrv2{{t{Condition {0}, taking true branch.}{{code{j &lt; f.size()}}}}}}</description>
<line>154</line>
<path_event></path_event>
</event>
<event>
<tag>cond_false</tag>
<description>{CovLStrv2{{t{Condition {0}, taking false branch.}{{code{f1.getName().hashCode() == f2.getName().hashCode()}}}}}}</description>
<line>157</line>
<path_event>
<jump>true</jump>
</path_event>
</event>
<event>
<tag>if_end</tag>
<description>{CovLStrv2{{t{End of if statement.}}}}</description>
<line>159</line>
<path_event>
<suppressible>true</suppressible>
</path_event>
</event>
<event>
<tag>assignment</tag>
<description>{CovLStrv2{{t{Assigning: {0} {1}= {2}.}{{code{total}}}{}{{code{0}}}}}}</description>
<line>164</line>
</event>
<event>
<tag>for_end</tag>
<description>{CovLStrv2{{t{No elements left in {0}, leaving loop.}{{code{f1Calls.keySet()}}}}}}</description>
<line>168</line>
<path_event>
<jump>true</jump>
</path_event>
</event>
<event>
<tag>loop_end</tag>
<description>{CovLStrv2{{t{Reached end of loop.}}}}</description>
<line>175</line>
<path_event>
<suppressible>true</suppressible>
</path_event>
</event>
<event>
<main>true</main>
<tag>divide_by_zero</tag>
<description>{CovLStrv2{{t{In expression {0}, division by expression {1} which may be zero results in either +infinity, -infinity, or NaN.}{{code{(float)match / total}}}{{code{total}}}}}}</description>
<line>177</line>
</event>
<extra>total</extra>
<subcategory>float_divisor</subcategory>
</error>
