<error>
<domain>STATIC_JAVA</domain>
<lang>Java</lang>
<checker>FB.VA_FORMAT_STRING_USES_NEWLINE</checker>
<type>FB.VA_FORMAT_STRING_USES_NEWLINE</type>
<file>/home/j58song/465/pa/proj-skeleton/ABDT.java</file>
<function>Bug.print(int, float)</function>
<ordered>true</ordered>
<event>
<main>true</main>
<tag>defect</tag>
<description>{CovLStr{v1}{Format string should use %n rather than \n.}}</description>
<line>29</line>
</event>
<extra></extra>
<subcategory>none</subcategory>
<properties>
<property>
<key>fb.priority</key>
<value>Medium</value>
</property>
</properties>
</error>
