<?xml version="1.0" encoding="UTF-8"?>

<BugCollection version="3.0.0-dev-20140429-1103397" sequence="0" timestamp="1519915706000" analysisTimestamp="1519915708312" release="">
  <Project projectName="coverityEmit">
    <Jar>/home/j58song/sa_output/intermediate_r0/output/java-private/coverity_ac.jar</Jar>
    <AuxClasspathEntry>/home/j58song/sa_output/intermediate_r0/output/java-private/coverity_cp_n_jars.jar</AuxClasspathEntry>
  </Project>
  <BugInstance type="VA_FORMAT_STRING_USES_NEWLINE" priority="2" abbrev="FS" category="BAD_PRACTICE" instanceHash="a8649edfd86f788009bcebf57672ac89" instanceOccurrenceNum="0" instanceOccurrenceMax="0" rank="20">
    <ShortMessage></ShortMessage>
    <LongMessage>-[CovLStr-[v1]--[Format string should use %n rather than \n.]-]-</LongMessage>
    <Class classname="Bug" primary="true">
      <SourceLine classname="Bug" start="15" end="31" sourcefile="ABDT.java" sourcepath="ABDT.java">
        <Message>-[CovLStr-[v1]--[Here]-]-</Message>
      </SourceLine>
      <Message>-[CovLStr-[v1]--[In class -[0]-]--[Bug]-]-</Message>
    </Class>
    <Method classname="Bug" name="print" signature="(IF)V" isStatic="false" primary="true">
      <SourceLine classname="Bug" start="29" end="31" startBytecode="0" endBytecode="130" sourcefile="ABDT.java" sourcepath="ABDT.java"/>
      <Message>-[CovLStr-[v1]--[In method -[0]-]--[Bug.print(int, float)]-]-</Message>
    </Method>
    <Method classname="java.io.PrintStream" name="format" signature="(Ljava/lang/String;[Ljava/lang/Object;)Ljava/io/PrintStream;" isStatic="false" role="METHOD_CALLED">
      <SourceLine classname="java.io.PrintStream" start="965" end="977" startBytecode="0" endBytecode="282" sourcefile="PrintStream.java" sourcepath="java/io/PrintStream.java"/>
      <Message>-[CovLStr-[v1]--[Called method -[0]-]--[java.io.PrintStream.format(String, Object[])]-]-</Message>
    </Method>
    <String value="bug: %s in %s, pair: (%s, %s), support: %d, confidence: %.2f%%\n" role="STRING_FORMAT_STRING">
      <Message>-[CovLStr-[v1]--[Format string &quot;-[0]-&quot;]--[bug: %s in %s, pair: (%s, %s), support: %d, confidence: %.2f%%\n]-]-</Message>
    </String>
    <SourceLine classname="Bug" primary="true" start="29" end="29" startBytecode="52" endBytecode="52" sourcefile="ABDT.java" sourcepath="ABDT.java">
      <Message>-[CovLStr-[v1]--[Here]-]-</Message>
    </SourceLine>
  </BugInstance>
  <BugCategory category="BAD_PRACTICE">
    <Description>Bad practice</Description>
  </BugCategory>
  <BugPattern type="VA_FORMAT_STRING_USES_NEWLINE" abbrev="FS" category="BAD_PRACTICE">
    <ShortDescription></ShortDescription>
    <Details><![CDATA[]]></Details>
  </BugPattern>
  <BugCode abbrev="FS">
    <Description>Format string problem</Description>
  </BugCode>
  <Errors errors="0" missingClasses="0"></Errors>
  <FindBugsSummary timestamp="Thu, 1 Mar 2018 09:48:26 -0500" total_classes="3" referenced_classes="28" total_bugs="1" total_size="117" num_packages="1" java_version="1.8.0_112" vm_version="25.112-b15" cpu_seconds="3.20" clock_seconds="0.69" peak_mbytes="302.38" alloc_mbytes="981.50" gc_seconds="0.01" priority_2="1">
    <FileStats path="ABDT.java" bugCount="1" size="117" bugHash="4fa3f43e4fd968ff017d0c24cad03091"/>
    <PackageStats package="" total_bugs="1" total_types="3" total_size="117" priority_2="1">
      <ClassStats class="ABDT" sourceFile="ABDT.java" interface="false" size="56" bugs="0"/>
      <ClassStats class="Bug" sourceFile="ABDT.java" interface="false" size="19" bugs="1" priority_2="1"/>
      <ClassStats class="Function" sourceFile="ABDT.java" interface="false" size="42" bugs="0"/>
    </PackageStats>
    <FindBugsProfile>
      <ClassProfile name="edu.umd.cs.findbugs.classfile.engine.ClassInfoAnalysisEngine" totalMilliseconds="110" invocations="445" avgMicrosecondsPerInvocation="248" maxMicrosecondsPerInvocation="8287" standardDeviationMircosecondsPerInvocation="569"/>
      <ClassProfile name="edu.umd.cs.findbugs.detect.FieldItemSummary" totalMilliseconds="32" invocations="28" avgMicrosecondsPerInvocation="1150" maxMicrosecondsPerInvocation="7229" standardDeviationMircosecondsPerInvocation="1623"/>
      <ClassProfile name="edu.umd.cs.findbugs.util.TopologicalSort" totalMilliseconds="27" invocations="411" avgMicrosecondsPerInvocation="66" maxMicrosecondsPerInvocation="1194" standardDeviationMircosecondsPerInvocation="135"/>
      <ClassProfile name="edu.umd.cs.findbugs.OpcodeStack$JumpInfoFactory" totalMilliseconds="26" invocations="115" avgMicrosecondsPerInvocation="234" maxMicrosecondsPerInvocation="1594" standardDeviationMircosecondsPerInvocation="249"/>
      <ClassProfile name="edu.umd.cs.findbugs.detect.OverridingEqualsNotSymmetrical" totalMilliseconds="21" invocations="28" avgMicrosecondsPerInvocation="781" maxMicrosecondsPerInvocation="11440" standardDeviationMircosecondsPerInvocation="2256"/>
      <ClassProfile name="edu.umd.cs.findbugs.classfile.engine.bcel.ValueNumberDataflowFactory" totalMilliseconds="21" invocations="11" avgMicrosecondsPerInvocation="1940" maxMicrosecondsPerInvocation="6119" standardDeviationMircosecondsPerInvocation="2368"/>
      <ClassProfile name="edu.umd.cs.findbugs.classfile.engine.bcel.TypeDataflowFactory" totalMilliseconds="20" invocations="11" avgMicrosecondsPerInvocation="1883" maxMicrosecondsPerInvocation="6101" standardDeviationMircosecondsPerInvocation="2327"/>
      <ClassProfile name="edu.umd.cs.findbugs.classfile.engine.bcel.IsNullValueDataflowFactory" totalMilliseconds="18" invocations="10" avgMicrosecondsPerInvocation="1861" maxMicrosecondsPerInvocation="7522" standardDeviationMircosecondsPerInvocation="2578"/>
      <ClassProfile name="edu.umd.cs.findbugs.classfile.engine.bcel.MethodGenFactory" totalMilliseconds="18" invocations="10" avgMicrosecondsPerInvocation="1852" maxMicrosecondsPerInvocation="16203" standardDeviationMircosecondsPerInvocation="4794"/>
      <ClassProfile name="edu.umd.cs.findbugs.classfile.engine.bcel.JavaClassAnalysisEngine" totalMilliseconds="17" invocations="35" avgMicrosecondsPerInvocation="502" maxMicrosecondsPerInvocation="8203" standardDeviationMircosecondsPerInvocation="1385"/>
      <ClassProfile name="edu.umd.cs.findbugs.classfile.engine.bcel.UnconditionalValueDerefDataflowFactory" totalMilliseconds="14" invocations="10" avgMicrosecondsPerInvocation="1463" maxMicrosecondsPerInvocation="6972" standardDeviationMircosecondsPerInvocation="2255"/>
      <ClassProfile name="edu.umd.cs.findbugs.detect.NoteDirectlyRelevantTypeQualifiers" totalMilliseconds="11" invocations="28" avgMicrosecondsPerInvocation="412" maxMicrosecondsPerInvocation="4192" standardDeviationMircosecondsPerInvocation="784"/>
    </FindBugsProfile>
  </FindBugsSummary>
  <ClassFeatures></ClassFeatures>
  <History></History>
</BugCollection>
