{
  "header" : {
    "format" : "commit preview report",
    "version" : 2
  },
  "analysisInfo" : {
    "ownerAssignmentRule" : "default_component_owner",
    "comparisonSnapshotId" : null,
    "reportTimestamp" : "2018-03-01T15:02:01.087Z",
    "user" : "admin",
    "command" : "/usr/local//cov-analysis-linux64-8.7.1/bin/cov-analyze --dir /home/j58song/sa_output/intermediate_r0/ --all"
  },
  "issueInfo" : [ {
    "cid" : 10329,
    "mergeKey" : "4a8deae94bc446d91bf6072c26927401",
    "presentInComparisonSnapshot" : false,
    "firstDetectedDateTime" : "2018-03-01T15:02:01.087Z",
    "occurrences" : [ {
      "checker" : "DIVIDE_BY_ZERO",
      "file" : "/home/j58song/465/pa/proj-skeleton/ABDT.java",
      "function" : "ABDT.main(java.lang.String[])",
      "extra" : "total",
      "mergeWithLowercaseFile" : false,
      "subcategory" : "float_divisor",
      "mainEventLineNumber" : 177,
      "mainEventDescription" : "In expression \"(float)match / total\", division by expression \"total\" which may be zero results in either +infinity, -infinity, or NaN.",
      "componentName" : "Other",
      "componentDefaultOwner" : null,
      "componentDefaultOwnerLdapServer" : null
    } ],
    "triage" : {
      "severity" : "Unspecified",
      "owner" : null,
      "externalReference" : null,
      "legacy" : "False",
      "fixTarget" : "Untargeted",
      "action" : "Undecided",
      "classification" : "Unclassified"
    },
    "customTriage" : { },
    "ownerLdapServerName" : null
  }, {
    "cid" : 10330,
    "mergeKey" : "e7586abf4a486125352b77ebd5979707",
    "presentInComparisonSnapshot" : false,
    "firstDetectedDateTime" : "2018-03-01T15:02:01.087Z",
    "occurrences" : [ {
      "checker" : "FB.VA_FORMAT_STRING_USES_NEWLINE",
      "file" : "/home/j58song/465/pa/proj-skeleton/ABDT.java",
      "function" : "Bug.print(int, float)",
      "extra" : "",
      "mergeWithLowercaseFile" : false,
      "subcategory" : "none",
      "mainEventLineNumber" : 29,
      "mainEventDescription" : "Format string should use %n rather than \\n.",
      "componentName" : "Other",
      "componentDefaultOwner" : null,
      "componentDefaultOwnerLdapServer" : null
    } ],
    "triage" : {
      "severity" : "Unspecified",
      "owner" : null,
      "externalReference" : null,
      "legacy" : "False",
      "fixTarget" : "Untargeted",
      "action" : "Undecided",
      "classification" : "Unclassified"
    },
    "customTriage" : { },
    "ownerLdapServerName" : null
  } ]
}